start_lat,start_lon,end_lat,end_lon,time_slot,hour,weekday,graphhopper_seconds,google_maps_seconds,distance_meters
24.81971339922894,120.71250537761134,24.63751465918456,120.81160536907441,周一早峰,8,0,,,22597.09974845888
24.81971339922894,120.71250537761134,24.63751465918456,120.81160536907441,周一晚峰,18,0,,,22597.09974845888
24.81971339922894,120.71250537761134,24.63751465918456,120.81160536907441,周一下午,14,0,,,22597.09974845888
24.813942679845788,120.93225096797005,24.777502931836914,120.9500889664334,周一早峰,8,0,974.318,1461.0,10208.481
24.813942679845788,120.93225096797005,24.777502931836914,120.9500889664334,周一晚峰,18,0,974.318,1382.0,10208.481
24.813942679845788,120.93225096797005,24.777502931836914,120.9500889664334,周一下午,14,0,974.318,1425.0,10208.481
24.813942679845788,120.93225096797005,24.777502931836914,120.9500889664334,周六,10,5,974.318,1479.0,10208.481
24.823647121416403,120.99090295386806,24.839217956770486,120.93782449493665,周一早峰,8,0,478.975,873.0,5995.943
24.823647121416403,120.99090295386806,24.839217956770486,120.93782449493665,周一晚峰,18,0,478.975,859.0,5995.943
24.823647121416403,120.99090295386806,24.839217956770486,120.93782449493665,周一下午,14,0,478.975,827.0,5995.943
24.823647121416403,120.99090295386806,24.839217956770486,120.93782449493665,周六,10,5,478.975,852.0,5995.943
24.792192181968527,120.93268174974943,24.77186379748036,120.9754819759293,周一早峰,8,0,574.603,1000.0,7413.773
24.792192181968527,120.93268174974943,24.77186379748036,120.9754819759293,周一晚峰,18,0,574.603,932.0,7413.773
24.792192181968527,120.93268174974943,24.77186379748036,120.9754819759293,周一下午,14,0,574.603,917.0,7413.773
24.792192181968527,120.93268174974943,24.77186379748036,120.9754819759293,周六,10,5,574.603,924.0,7413.773
24.752653596968386,120.9478953885618,24.814988443777953,120.97904473325428,周一早峰,8,0,687.468,1556.0,9976.587
24.752653596968386,120.9478953885618,24.814988443777953,120.97904473325428,周一晚峰,18,0,687.468,1329.0,9976.587
24.752653596968386,120.9478953885618,24.814988443777953,120.97904473325428,周一下午,14,0,687.468,1161.0,9976.587
24.752653596968386,120.9478953885618,24.814988443777953,120.97904473325428,周六,10,5,687.468,1152.0,9976.587
24.77204406220407,120.98303391154883,24.830943045667784,120.93058488837103,周一早峰,8,0,1125.69,1885.0,13576.071
24.77204406220407,120.98303391154883,24.830943045667784,120.93058488837103,周一晚峰,18,0,1125.69,1903.0,13576.071
24.77204406220407,120.98303391154883,24.830943045667784,120.93058488837103,周一下午,14,0,1125.69,1666.0,13576.071
24.77204406220407,120.98303391154883,24.830943045667784,120.93058488837103,周六,10,5,1125.69,1757.0,13576.071
24.83058192518328,120.99283254554894,24.7840250516518,120.94399315498306,周一早峰,8,0,712.738,1504.0,8240.505
24.83058192518328,120.99283254554894,24.7840250516518,120.94399315498306,周一晚峰,18,0,712.738,1487.0,8240.505
24.83058192518328,120.99283254554894,24.7840250516518,120.94399315498306,周一下午,14,0,712.738,1358.0,8240.505
24.83058192518328,120.99283254554894,24.7840250516518,120.94399315498306,周六,10,5,712.738,1470.0,8240.505
24.84572130722068,120.96029350906014,24.759274584338016,120.93870447391502,周一早峰,8,0,1128.656,1920.0,15051.713
24.84572130722068,120.96029350906014,24.759274584338016,120.93870447391502,周一晚峰,18,0,1128.656,1825.0,15051.713
24.84572130722068,120.96029350906014,24.759274584338016,120.93870447391502,周一下午,14,0,1128.656,1775.0,15051.713
24.84572130722068,120.96029350906014,24.759274584338016,120.93870447391502,周六,10,5,1128.656,1925.0,15051.713
24.83474943663475,120.98433534282302,24.83071282732744,120.99567586080244,周一早峰,8,0,264.329,313.0,2104.314
24.83474943663475,120.98433534282302,24.83071282732744,120.99567586080244,周一晚峰,18,0,264.329,310.0,2104.314
24.83474943663475,120.98433534282302,24.83071282732744,120.99567586080244,周一下午,14,0,264.329,310.0,2104.314
24.83474943663475,120.98433534282302,24.83071282732744,120.99567586080244,周六,10,5,264.329,314.0,2104.314
24.80362280914547,121.01758041875814,24.787853437720837,120.97968365681459,周一早峰,8,0,528.378,1096.0,6974.668
24.80362280914547,121.01758041875814,24.787853437720837,120.97968365681459,周一晚峰,18,0,528.378,999.0,6974.668
24.80362280914547,121.01758041875814,24.787853437720837,120.97968365681459,周一下午,14,0,528.378,832.0,6974.668
24.80362280914547,121.01758041875814,24.787853437720837,120.97968365681459,周六,10,5,528.378,917.0,6974.668
24.8329404664253,120.98566677771278,24.83617069003108,120.9819616930731,周一早峰,8,0,100.887,99.0,726.749
24.8329404664253,120.98566677771278,24.83617069003108,120.9819616930731,周一晚峰,18,0,100.887,98.0,726.749
24.8329404664253,120.98566677771278,24.83617069003108,120.9819616930731,周一下午,14,0,100.887,99.0,726.749
24.8329404664253,120.98566677771278,24.83617069003108,120.9819616930731,周六,10,5,100.887,99.0,726.749
24.820457183621492,120.93412419452902,24.772789827565155,120.9560449167242,周一早峰,8,0,1013.16,1416.0,11165.067
24.820457183621492,120.93412419452902,24.772789827565155,120.9560449167242,周一晚峰,18,0,1013.16,1326.0,11165.067
24.820457183621492,120.93412419452902,24.772789827565155,120.9560449167242,周一下午,14,0,1013.16,1312.0,11165.067
24.820457183621492,120.93412419452902,24.772789827565155,120.9560449167242,周六,10,5,1013.16,1334.0,11165.067
24.81356844442644,120.96283489610731,24.787018096711687,120.94885563276944,周一早峰,8,0,264.734,628.0,3944.707
24.81356844442644,120.96283489610731,24.787018096711687,120.94885563276944,周一晚峰,18,0,264.734,596.0,3944.707
24.81356844442644,120.96283489610731,24.787018096711687,120.94885563276944,周一下午,14,0,264.734,563.0,3944.707
24.81356844442644,120.96283489610731,24.787018096711687,120.94885563276944,周六,10,5,264.734,614.0,3944.707
24.776697782204913,121.01429891289412,24.81480353852466,120.98482179051003,周一早峰,8,0,498.065,1096.0,7097.457
24.776697782204913,121.01429891289412,24.81480353852466,120.98482179051003,周一晚峰,18,0,498.065,1252.0,7097.457
24.776697782204913,121.01429891289412,24.81480353852466,120.98482179051003,周一下午,14,0,498.065,994.0,7097.457
24.776697782204913,121.01429891289412,24.81480353852466,120.98482179051003,周六,10,5,498.065,959.0,7097.457
24.76711386481981,120.99562141181553,24.766340249376192,120.9641509897582,周一早峰,8,0,347.064,520.0,4770.019
24.76711386481981,120.99562141181553,24.766340249376192,120.9641509897582,周一晚峰,18,0,347.064,538.0,4770.019
24.76711386481981,120.99562141181553,24.766340249376192,120.9641509897582,周一下午,14,0,347.064,489.0,4770.019
24.76711386481981,120.99562141181553,24.766340249376192,120.9641509897582,周六,10,5,347.064,491.0,4770.019
24.84895233506366,120.98759997838687,24.805694974377467,120.9916152825891,周一早峰,8,0,546.761,960.0,6585.928
24.84895233506366,120.98759997838687,24.805694974377467,120.9916152825891,周一晚峰,18,0,546.761,936.0,6585.928
24.84895233506366,120.98759997838687,24.805694974377467,120.9916152825891,周一下午,14,0,546.761,871.0,6585.928
24.84895233506366,120.98759997838687,24.805694974377467,120.9916152825891,周六,10,5,546.761,994.0,6585.928
24.83428519201898,120.99983999203916,24.77290480719641,120.93288902195137,周一早峰,8,0,812.068,1863.0,11918.057
24.83428519201898,120.99983999203916,24.77290480719641,120.93288902195137,周一晚峰,18,0,812.068,1701.0,11918.057
24.83428519201898,120.99983999203916,24.77290480719641,120.93288902195137,周一下午,14,0,812.068,1542.0,11918.057
24.83428519201898,120.99983999203916,24.77290480719641,120.93288902195137,周六,10,5,812.068,1819.0,11918.057
24.78154530480591,120.95409667883781,24.771098284358633,121.01486187429015,周一早峰,8,0,635.122,1306.0,8723.572
24.78154530480591,120.95409667883781,24.771098284358633,121.01486187429015,周一晚峰,18,0,635.122,926.0,8723.572
24.78154530480591,120.95409667883781,24.771098284358633,121.01486187429015,周一下午,14,0,635.122,807.0,8723.572
24.78154530480591,120.95409667883781,24.771098284358633,121.01486187429015,周六,10,5,635.122,819.0,8723.572
24.837636762647268,120.95832100927187,24.815543866529488,120.96560687109546,周一早峰,8,0,624.649,963.0,6123.839
24.837636762647268,120.95832100927187,24.815543866529488,120.96560687109546,周一晚峰,18,0,624.649,954.0,6123.839
24.837636762647268,120.95832100927187,24.815543866529488,120.96560687109546,周一下午,14,0,624.649,841.0,6123.839
24.837636762647268,120.95832100927187,24.815543866529488,120.96560687109546,周六,10,5,624.649,895.0,6123.839
24.841454758974056,120.97129666673287,24.776488016649807,120.95219647569246,周一早峰,8,0,783.915,1539.0,9977.44
24.841454758974056,120.97129666673287,24.776488016649807,120.95219647569246,周一晚峰,18,0,783.915,1411.0,9977.44
24.841454758974056,120.97129666673287,24.776488016649807,120.95219647569246,周一下午,14,0,783.915,1418.0,9977.44
24.841454758974056,120.97129666673287,24.776488016649807,120.95219647569246,周六,10,5,783.915,1493.0,9977.44
24.806136813416316,120.95364674476707,24.808458599022355,121.01080405952422,周一早峰,8,0,523.439,1316.0,8164.665
24.806136813416316,120.95364674476707,24.808458599022355,121.01080405952422,周一晚峰,18,0,523.439,1298.0,8164.665
24.806136813416316,120.95364674476707,24.808458599022355,121.01080405952422,周一下午,14,0,523.439,978.0,8164.665
24.806136813416316,120.95364674476707,24.808458599022355,121.01080405952422,周六,10,5,523.439,1116.0,8164.665
24.78994005051404,120.94973886832416,24.849753760649513,120.97585736643089,周一早峰,8,0,750.146,1579.0,8987.511
24.78994005051404,120.94973886832416,24.849753760649513,120.97585736643089,周一晚峰,18,0,750.146,1593.0,8987.511
24.78994005051404,120.94973886832416,24.849753760649513,120.97585736643089,周一下午,14,0,750.146,1465.0,8987.511
24.78994005051404,120.94973886832416,24.849753760649513,120.97585736643089,周六,10,5,750.146,1541.0,8987.511
24.75909094121738,120.93424047378824,24.760964913035068,120.98647014375328,周一早峰,8,0,718.631,1071.0,7740.208
24.75909094121738,120.93424047378824,24.760964913035068,120.98647014375328,周一晚峰,18,0,718.631,1020.0,7740.208
24.75909094121738,120.93424047378824,24.760964913035068,120.98647014375328,周一下午,14,0,718.631,1084.0,7740.208
24.75909094121738,120.93424047378824,24.760964913035068,120.98647014375328,周六,10,5,718.631,1037.0,7740.208
24.829207936436298,120.96799439701198,24.756352770615194,120.96434573578559,周一早峰,8,0,1078.15,1910.0,16821.998
24.829207936436298,120.96799439701198,24.756352770615194,120.96434573578559,周一晚峰,18,0,1078.15,1736.0,16821.998
24.829207936436298,120.96799439701198,24.756352770615194,120.96434573578559,周一下午,14,0,1078.15,1617.0,16821.998
24.829207936436298,120.96799439701198,24.756352770615194,120.96434573578559,周六,10,5,1078.15,1927.0,16821.998
24.84961213802401,120.97762029105893,24.847107837761364,121.0074701732011,周一早峰,8,0,353.096,674.0,4016.347
24.84961213802401,120.97762029105893,24.847107837761364,121.0074701732011,周一晚峰,18,0,353.096,573.0,4016.347
24.84961213802401,120.97762029105893,24.847107837761364,121.0074701732011,周一下午,14,0,353.096,533.0,4016.347
24.84961213802401,120.97762029105893,24.847107837761364,121.0074701732011,周六,10,5,353.096,575.0,4016.347
24.751148102194282,120.99486496374242,24.81817103690266,120.97832732973679,周一早峰,8,0,968.023,1672.0,11794.798
24.751148102194282,120.99486496374242,24.81817103690266,120.97832732973679,周一晚峰,18,0,968.023,1523.0,11794.798
24.751148102194282,120.99486496374242,24.81817103690266,120.97832732973679,周一下午,14,0,968.023,1374.0,11794.798
24.751148102194282,120.99486496374242,24.81817103690266,120.97832732973679,周六,10,5,968.023,1332.0,11794.798
24.776682518995255,120.98768656187218,24.761155217359587,120.96912887256022,周一早峰,8,0,588.722,702.0,5426.317
24.776682518995255,120.98768656187218,24.761155217359587,120.96912887256022,周一晚峰,18,0,588.722,739.0,5426.317
24.776682518995255,120.98768656187218,24.761155217359587,120.96912887256022,周一下午,14,0,588.722,624.0,5426.317
24.776682518995255,120.98768656187218,24.761155217359587,120.96912887256022,周六,10,5,588.722,649.0,5426.317
24.795372370632922,121.01584343347689,24.837585294037822,120.9537050145676,周一早峰,8,0,872.368,1263.0,9378.092
24.795372370632922,121.01584343347689,24.837585294037822,120.9537050145676,周一晚峰,18,0,872.368,1234.0,9378.092
24.795372370632922,121.01584343347689,24.837585294037822,120.9537050145676,周一下午,14,0,872.368,1100.0,9378.092
24.795372370632922,121.01584343347689,24.837585294037822,120.9537050145676,周六,10,5,872.368,1159.0,9378.092
24.80005861130503,120.94607866924771,24.841262783934482,121.00834667128531,周一早峰,8,0,605.223,1554.0,8697.514
24.80005861130503,120.94607866924771,24.841262783934482,121.00834667128531,周一晚峰,18,0,605.223,1475.0,8697.514
24.80005861130503,120.94607866924771,24.841262783934482,121.00834667128531,周一下午,14,0,605.223,1309.0,8697.514
24.80005861130503,120.94607866924771,24.841262783934482,121.00834667128531,周六,10,5,605.223,1369.0,8697.514
24.779844479144863,120.98750545453794,24.81089702114382,120.94375553416947,周一早峰,8,0,587.228,1254.0,7059.059
24.779844479144863,120.98750545453794,24.81089702114382,120.94375553416947,周一晚峰,18,0,587.228,1394.0,7059.059
24.779844479144863,120.98750545453794,24.81089702114382,120.94375553416947,周一下午,14,0,587.228,1220.0,7059.059
24.779844479144863,120.98750545453794,24.81089702114382,120.94375553416947,周六,10,5,587.228,1242.0,7059.059
24.750057189612793,120.95917404513042,24.751947674238583,121.0136188754638,周一早峰,8,0,491.769,857.0,8572.001
24.750057189612793,120.95917404513042,24.751947674238583,121.0136188754638,周一晚峰,18,0,491.769,657.0,8572.001
24.750057189612793,120.95917404513042,24.751947674238583,121.0136188754638,周一下午,14,0,491.769,617.0,8572.001
24.750057189612793,120.95917404513042,24.751947674238583,121.0136188754638,周六,10,5,491.769,592.0,8572.001
24.83787218778232,121.0048498976425,24.780751412540265,120.93521326498448,周一早峰,8,0,765.532,1712.0,11811.708
24.83787218778232,121.0048498976425,24.780751412540265,120.93521326498448,周一晚峰,18,0,765.532,1661.0,11811.708
24.83787218778232,121.0048498976425,24.780751412540265,120.93521326498448,周一下午,14,0,765.532,1544.0,11811.708
24.83787218778232,121.0048498976425,24.780751412540265,120.93521326498448,周六,10,5,765.532,1651.0,11811.708
24.837800959920404,121.01522545007681,24.758565345206787,120.9737391416985,周一早峰,8,0,769.745,1700.0,12371.133
24.837800959920404,121.01522545007681,24.758565345206787,120.9737391416985,周一晚峰,18,0,769.745,1511.0,12371.133
24.837800959920404,121.01522545007681,24.758565345206787,120.9737391416985,周一下午,14,0,769.745,1281.0,12371.133
24.837800959920404,121.01522545007681,24.758565345206787,120.9737391416985,周六,10,5,769.745,1576.0,12371.133
24.756921251846837,120.99845419487315,24.8265834429307,120.94155523180498,周一早峰,8,0,1322.258,2029.0,16569.412
24.756921251846837,120.99845419487315,24.8265834429307,120.94155523180498,周一晚峰,18,0,1322.258,1916.0,16569.412
24.756921251846837,120.99845419487315,24.8265834429307,120.94155523180498,周一下午,14,0,1322.258,1859.0,16569.412
24.756921251846837,120.99845419487315,24.8265834429307,120.94155523180498,周六,10,5,1322.258,1879.0,16569.412
24.797528237809875,120.97948232341454,24.776505662894007,121.00851897369768,周一早峰,8,0,503.914,1252.0,5604.405
24.797528237809875,120.97948232341454,24.776505662894007,121.00851897369768,周一晚峰,18,0,503.914,964.0,5604.405
24.797528237809875,120.97948232341454,24.776505662894007,121.00851897369768,周一下午,14,0,503.914,845.0,5604.405
24.797528237809875,120.97948232341454,24.776505662894007,121.00851897369768,周六,10,5,503.914,890.0,5604.405
24.79231379402009,120.9490618384898,24.803929608877947,120.99569379621809,周一早峰,8,0,435.745,1088.0,5633.003
24.79231379402009,120.9490618384898,24.803929608877947,120.99569379621809,周一晚峰,18,0,435.745,1052.0,5633.003
24.79231379402009,120.9490618384898,24.803929608877947,120.99569379621809,周一下午,14,0,435.745,1135.0,5633.003
24.79231379402009,120.9490618384898,24.803929608877947,120.99569379621809,周六,10,5,435.745,1218.0,5633.003
24.77011510633897,120.95805446621708,24.84951493566609,120.98848902518755,周一早峰,8,0,998.308,2016.0,13113.211
24.77011510633897,120.95805446621708,24.84951493566609,120.98848902518755,周一晚峰,18,0,998.308,1935.0,13113.211
24.77011510633897,120.95805446621708,24.84951493566609,120.98848902518755,周一下午,14,0,998.308,1817.0,13113.211
24.77011510633897,120.95805446621708,24.84951493566609,120.98848902518755,周六,10,5,998.308,1841.0,13113.211
24.79381000839145,120.9765818256932,24.762100419586826,120.95022276033285,周一早峰,8,0,586.178,1371.0,6828.749
24.79381000839145,120.9765818256932,24.762100419586826,120.95022276033285,周一晚峰,18,0,586.178,1336.0,6828.749
24.79381000839145,120.9765818256932,24.762100419586826,120.95022276033285,周一下午,14,0,586.178,1187.0,6828.749
24.79381000839145,120.9765818256932,24.762100419586826,120.95022276033285,周六,10,5,586.178,1365.0,6828.749
24.783808556214748,120.98294778466115,24.773011473259658,120.94981956460065,周一早峰,8,0,721.962,1110.0,7277.831
24.783808556214748,120.98294778466115,24.773011473259658,120.94981956460065,周一晚峰,18,0,721.962,1088.0,7277.831
24.783808556214748,120.98294778466115,24.773011473259658,120.94981956460065,周一下午,14,0,721.962,1053.0,7277.831
24.783808556214748,120.98294778466115,24.773011473259658,120.94981956460065,周六,10,5,721.962,1060.0,7277.831
24.757099308600903,120.9867992661543,24.772894178381115,121.01148780117055,周一早峰,8,0,274.341,720.0,4291.443
24.757099308600903,120.9867992661543,24.772894178381115,121.01148780117055,周一晚峰,18,0,274.341,373.0,4291.443
24.757099308600903,120.9867992661543,24.772894178381115,121.01148780117055,周一下午,14,0,274.341,301.0,4291.443
24.757099308600903,120.9867992661543,24.772894178381115,121.01148780117055,周六,10,5,274.341,282.0,4291.443
24.835963540025375,120.93637716148999,24.7738004634369,120.99020800004666,周一早峰,8,0,788.396,1775.0,11036.264
24.835963540025375,120.93637716148999,24.7738004634369,120.99020800004666,周一晚峰,18,0,788.396,1615.0,11036.264
24.835963540025375,120.93637716148999,24.7738004634369,120.99020800004666,周一下午,14,0,788.396,1551.0,11036.264
24.835963540025375,120.93637716148999,24.7738004634369,120.99020800004666,周六,10,5,788.396,1640.0,11036.264
24.771423680737044,120.94190806638525,24.84355142405807,120.98139387839927,周一早峰,8,0,1020.926,1972.0,11817.354
24.771423680737044,120.94190806638525,24.84355142405807,120.98139387839927,周一晚峰,18,0,1020.926,1945.0,11817.354
24.771423680737044,120.94190806638525,24.84355142405807,120.98139387839927,周一下午,14,0,1020.926,1872.0,11817.354
24.771423680737044,120.94190806638525,24.84355142405807,120.98139387839927,周六,10,5,1020.926,1847.0,11817.354
24.79726710263118,121.00061574818616,24.830749699776664,120.94713689229258,周一早峰,8,0,874.889,1654.0,8834.844
24.79726710263118,121.00061574818616,24.830749699776664,120.94713689229258,周一晚峰,18,0,874.889,1616.0,8834.844
24.79726710263118,121.00061574818616,24.830749699776664,120.94713689229258,周一下午,14,0,874.889,1465.0,8834.844
24.79726710263118,121.00061574818616,24.830749699776664,120.94713689229258,周六,10,5,874.889,1508.0,8834.844
24.75969308142288,120.96879460641658,24.792357862301994,120.9720322201233,周一早峰,8,0,531.108,1051.0,5536.037
24.75969308142288,120.96879460641658,24.792357862301994,120.9720322201233,周一晚峰,18,0,531.108,866.0,5536.037
24.75969308142288,120.96879460641658,24.792357862301994,120.9720322201233,周一下午,14,0,531.108,772.0,5536.037
24.75969308142288,120.96879460641658,24.792357862301994,120.9720322201233,周六,10,5,531.108,798.0,5536.037
24.822907584945987,120.9906028092564,24.8484165211366,120.93885760840368,周一早峰,8,0,598.006,573.0,6940.335
24.822907584945987,120.9906028092564,24.8484165211366,120.93885760840368,周一晚峰,18,0,598.006,498.0,6940.335
24.822907584945987,120.9906028092564,24.8484165211366,120.93885760840368,周一下午,14,0,598.006,442.0,6940.335
24.822907584945987,120.9906028092564,24.8484165211366,120.93885760840368,周六,10,5,598.006,485.0,6940.335
24.790262128210227,120.96053723448556,24.83616725363528,120.95237907005283,周一早峰,8,0,514.283,1009.0,7552.188
24.790262128210227,120.96053723448556,24.83616725363528,120.95237907005283,周一晚峰,18,0,514.283,991.0,7552.188
24.790262128210227,120.96053723448556,24.83616725363528,120.95237907005283,周一下午,14,0,514.283,949.0,7552.188
24.790262128210227,120.96053723448556,24.83616725363528,120.95237907005283,周六,10,5,514.283,1018.0,7552.188
24.769020890844082,120.97037521930498,24.79218816398344,120.95506906302003,周一早峰,8,0,357.896,742.0,3962.694
24.769020890844082,120.97037521930498,24.79218816398344,120.95506906302003,周一晚峰,18,0,357.896,749.0,3962.694
24.769020890844082,120.97037521930498,24.79218816398344,120.95506906302003,周一下午,14,0,357.896,683.0,3962.694
24.769020890844082,120.97037521930498,24.79218816398344,120.95506906302003,周六,10,5,357.896,719.0,3962.694
24.77498064478821,121.01309390393484,24.794313074505347,121.00752141942856,周一早峰,8,0,195.496,514.0,3089.677
24.77498064478821,121.01309390393484,24.794313074505347,121.00752141942856,周一晚峰,18,0,195.496,620.0,3089.677
24.77498064478821,121.01309390393484,24.794313074505347,121.00752141942856,周一下午,14,0,195.496,425.0,3089.677
24.77498064478821,121.01309390393484,24.794313074505347,121.00752141942856,周六,10,5,195.496,396.0,3089.677
24.805032531244986,120.93455294965725,24.849928246841273,121.0052424826572,周一早峰,8,0,707.599,1664.0,10093.722
24.805032531244986,120.93455294965725,24.849928246841273,121.0052424826572,周一晚峰,18,0,707.599,1512.0,10093.722
24.805032531244986,120.93455294965725,24.849928246841273,121.0052424826572,周一下午,14,0,707.599,1510.0,10093.722
24.805032531244986,120.93455294965725,24.849928246841273,121.0052424826572,周六,10,5,707.599,1470.0,10093.722
24.846899625728476,121.01337302847072,24.83486957344143,120.94496799995436,周一早峰,8,0,703.149,1218.0,8680.988
24.846899625728476,121.01337302847072,24.83486957344143,120.94496799995436,周一晚峰,18,0,703.149,1291.0,8680.988
24.846899625728476,121.01337302847072,24.83486957344143,120.94496799995436,周一下午,14,0,703.149,1132.0,8680.988
24.846899625728476,121.01337302847072,24.83486957344143,120.94496799995436,周六,10,5,703.149,1144.0,8680.988
24.798564112545073,120.94923725692793,24.790104029254945,120.9352771859975,周一早峰,8,0,137.912,427.0,1980.684
24.798564112545073,120.94923725692793,24.790104029254945,120.9352771859975,周一晚峰,18,0,137.912,419.0,1980.684
24.798564112545073,120.94923725692793,24.790104029254945,120.9352771859975,周一下午,14,0,137.912,398.0,1980.684
24.798564112545073,120.94923725692793,24.790104029254945,120.9352771859975,周六,10,5,137.912,394.0,1980.684
24.78789731189769,121.01867779594018,24.776520305817215,121.00056635417538,周一早峰,8,0,290.457,975.0,3621.775
24.78789731189769,121.01867779594018,24.776520305817215,121.00056635417538,周一晚峰,18,0,290.457,764.0,3621.775
24.78789731189769,121.01867779594018,24.776520305817215,121.00056635417538,周一下午,14,0,290.457,641.0,3621.775
24.78789731189769,121.01867779594018,24.776520305817215,121.00056635417538,周六,10,5,290.457,681.0,3621.775
24.795500836733915,120.96807067373912,24.84573176408597,121.01958804205434,周一早峰,8,0,611.349,1952.0,8491.718
24.795500836733915,120.96807067373912,24.84573176408597,121.01958804205434,周一晚峰,18,0,611.349,1672.0,8491.718
24.795500836733915,120.96807067373912,24.84573176408597,121.01958804205434,周一下午,14,0,611.349,1493.0,8491.718
24.795500836733915,120.96807067373912,24.84573176408597,121.01958804205434,周六,10,5,611.349,1553.0,8491.718
24.805576832340563,120.99465674477666,24.765479682527406,120.95670370429451,周一早峰,8,0,644.564,846.0,8261.284
24.805576832340563,120.99465674477666,24.765479682527406,120.95670370429451,周一晚峰,18,0,644.564,774.0,8261.284
24.805576832340563,120.99465674477666,24.765479682527406,120.95670370429451,周一下午,14,0,644.564,672.0,8261.284
24.805576832340563,120.99465674477666,24.765479682527406,120.95670370429451,周六,10,5,644.564,860.0,8261.284
24.846870936496916,120.98212622617346,24.80421952013743,120.99731780043412,周一早峰,8,0,500.994,1041.0,6414.795
24.846870936496916,120.98212622617346,24.80421952013743,120.99731780043412,周一晚峰,18,0,500.994,981.0,6414.795
24.846870936496916,120.98212622617346,24.80421952013743,120.99731780043412,周一下午,14,0,500.994,930.0,6414.795
24.846870936496916,120.98212622617346,24.80421952013743,120.99731780043412,周六,10,5,500.994,1006.0,6414.795
24.755716527290748,120.9825759835013,24.800285038291953,121.00674479028434,周一早峰,8,0,587.322,1298.0,8011.676
24.755716527290748,120.9825759835013,24.800285038291953,121.00674479028434,周一晚峰,18,0,587.322,1055.0,8011.676
24.755716527290748,120.9825759835013,24.800285038291953,121.00674479028434,周一下午,14,0,587.322,939.0,8011.676
24.755716527290748,120.9825759835013,24.800285038291953,121.00674479028434,周六,10,5,587.322,938.0,8011.676
24.765743272793948,121.0164701012947,24.75801114652406,120.94672424648827,周一早峰,8,0,484.028,833.0,8341.741
24.765743272793948,121.0164701012947,24.75801114652406,120.94672424648827,周一晚峰,18,0,484.028,990.0,8341.741
24.765743272793948,121.0164701012947,24.75801114652406,120.94672424648827,周一下午,14,0,484.028,729.0,8341.741
24.765743272793948,121.0164701012947,24.75801114652406,120.94672424648827,周六,10,5,484.028,772.0,8341.741
24.809503510645005,120.99076912982437,24.773520389500092,120.94078979525524,周一早峰,8,0,786.876,1475.0,8220.816
24.809503510645005,120.99076912982437,24.773520389500092,120.94078979525524,周一晚峰,18,0,786.876,1346.0,8220.816
24.809503510645005,120.99076912982437,24.773520389500092,120.94078979525524,周一下午,14,0,786.876,1249.0,8220.816
24.809503510645005,120.99076912982437,24.773520389500092,120.94078979525524,周六,10,5,786.876,1499.0,8220.816
24.839028731412945,120.95215938130099,24.809451915353346,120.9857443359299,周一早峰,8,0,638.225,857.0,6142.668
24.839028731412945,120.95215938130099,24.809451915353346,120.9857443359299,周一晚峰,18,0,638.225,842.0,6142.668
24.839028731412945,120.95215938130099,24.809451915353346,120.9857443359299,周一下午,14,0,638.225,783.0,6142.668
24.839028731412945,120.95215938130099,24.809451915353346,120.9857443359299,周六,10,5,638.225,892.0,6142.668
24.791922491533587,120.98253050603621,24.802278271553195,121.01412356319628,周一早峰,8,0,565.188,1098.0,5693.271
24.791922491533587,120.98253050603621,24.802278271553195,121.01412356319628,周一晚峰,18,0,565.188,1035.0,5693.271
24.791922491533587,120.98253050603621,24.802278271553195,121.01412356319628,周一下午,14,0,565.188,858.0,5693.271
24.791922491533587,120.98253050603621,24.802278271553195,121.01412356319628,周六,10,5,565.188,904.0,5693.271
24.770425919942355,120.99445726207105,24.773868595261586,120.96562072621121,周一早峰,8,0,329.181,627.0,3965.391
24.770425919942355,120.99445726207105,24.773868595261586,120.96562072621121,周一晚峰,18,0,329.181,597.0,3965.391
24.770425919942355,120.99445726207105,24.773868595261586,120.96562072621121,周一下午,14,0,329.181,518.0,3965.391
24.770425919942355,120.99445726207105,24.773868595261586,120.96562072621121,周六,10,5,329.181,537.0,3965.391
24.817169022296,120.95699973718189,24.781617719627185,120.99766780431729,周一早峰,8,0,485.81,1381.0,6671.432
24.817169022296,120.95699973718189,24.781617719627185,120.99766780431729,周一晚峰,18,0,485.81,1291.0,6671.432
24.817169022296,120.95699973718189,24.781617719627185,120.99766780431729,周一下午,14,0,485.81,1128.0,6671.432
24.817169022296,120.95699973718189,24.781617719627185,120.99766780431729,周六,10,5,485.81,1163.0,6671.432
24.757254311449316,120.97124569703567,24.849845444085446,121.01964868030696,周一早峰,8,0,759.594,1967.0,13990.37
24.757254311449316,120.97124569703567,24.849845444085446,121.01964868030696,周一晚峰,18,0,759.594,1601.0,13990.37
24.757254311449316,120.97124569703567,24.849845444085446,121.01964868030696,周一下午,14,0,759.594,1293.0,13990.37
24.757254311449316,120.97124569703567,24.849845444085446,121.01964868030696,周六,10,5,759.594,1304.0,13990.37
24.757326072109965,120.94918388810405,24.77652004147504,121.01399334401943,周一早峰,8,0,498.856,1290.0,8404.261
24.757326072109965,120.94918388810405,24.77652004147504,121.01399334401943,周一晚峰,18,0,498.856,858.0,8404.261
24.757326072109965,120.94918388810405,24.77652004147504,121.01399334401943,周一下午,14,0,498.856,752.0,8404.261
24.757326072109965,120.94918388810405,24.77652004147504,121.01399334401943,周六,10,5,498.856,779.0,8404.261
24.838086417368647,121.00913432182361,24.78695270887389,120.94419721491215,周一早峰,8,0,761.503,1646.0,10633.815
24.838086417368647,121.00913432182361,24.78695270887389,120.94419721491215,周一晚峰,18,0,761.503,1777.0,10633.815
24.838086417368647,121.00913432182361,24.78695270887389,120.94419721491215,周一下午,14,0,761.503,1504.0,10633.815
24.838086417368647,121.00913432182361,24.78695270887389,120.94419721491215,周六,10,5,761.503,1652.0,10633.815
24.833374495463982,120.99331859325787,24.811167776572596,121.01885097572683,周一早峰,8,0,346.787,775.0,4665.273
24.833374495463982,120.99331859325787,24.811167776572596,121.01885097572683,周一晚峰,18,0,346.787,726.0,4665.273
24.833374495463982,120.99331859325787,24.811167776572596,121.01885097572683,周一下午,14,0,346.787,642.0,4665.273
24.833374495463982,120.99331859325787,24.811167776572596,121.01885097572683,周六,10,5,346.787,693.0,4665.273
24.815397631771074,120.9307040796437,24.831710413511548,120.956944087698,周一早峰,8,0,793.966,1163.0,10821.811
24.815397631771074,120.9307040796437,24.831710413511548,120.956944087698,周一晚峰,18,0,793.966,1140.0,10821.811
24.815397631771074,120.9307040796437,24.831710413511548,120.956944087698,周一下午,14,0,793.966,1096.0,10821.811
24.815397631771074,120.9307040796437,24.831710413511548,120.956944087698,周六,10,5,793.966,1112.0,10821.811
24.816338871496608,121.01450370035343,24.763429111439336,120.94038858033772,周一早峰,8,0,917.082,1407.0,14532.588
24.816338871496608,121.01450370035343,24.763429111439336,120.94038858033772,周一晚峰,18,0,917.082,1235.0,14532.588
24.816338871496608,121.01450370035343,24.763429111439336,120.94038858033772,周一下午,14,0,917.082,1135.0,14532.588
24.816338871496608,121.01450370035343,24.763429111439336,120.94038858033772,周六,10,5,917.082,1509.0,14532.588
24.76070359777094,120.97979012767964,24.77723482123148,120.98443468443271,周一早峰,8,0,309.841,485.0,3037.301
24.76070359777094,120.97979012767964,24.77723482123148,120.98443468443271,周一晚峰,18,0,309.841,441.0,3037.301
24.76070359777094,120.97979012767964,24.77723482123148,120.98443468443271,周一下午,14,0,309.841,372.0,3037.301
24.76070359777094,120.97979012767964,24.77723482123148,120.98443468443271,周六,10,5,309.841,403.0,3037.301
24.82176121871388,120.94832375810948,24.813423795888507,120.95375855114673,周一早峰,8,0,206.107,268.0,1164.707
24.82176121871388,120.94832375810948,24.813423795888507,120.95375855114673,周一晚峰,18,0,206.107,263.0,1164.707
24.82176121871388,120.94832375810948,24.813423795888507,120.95375855114673,周一下午,14,0,206.107,260.0,1164.707
24.82176121871388,120.94832375810948,24.813423795888507,120.95375855114673,周六,10,5,206.107,262.0,1164.707
24.798853185214938,121.01148028419713,24.834610371329486,120.93830686209415,周一早峰,8,0,1202.129,1685.0,12713.458
24.798853185214938,121.01148028419713,24.834610371329486,120.93830686209415,周一晚峰,18,0,1202.129,1716.0,12713.458
24.798853185214938,121.01148028419713,24.834610371329486,120.93830686209415,周一下午,14,0,1202.129,1537.0,12713.458
24.798853185214938,121.01148028419713,24.834610371329486,120.93830686209415,周六,10,5,1202.129,1560.0,12713.458
24.79235757725637,120.95490122015751,24.75035456890878,120.99940073007177,周一早峰,8,0,674.656,1354.0,8564.231
24.79235757725637,120.95490122015751,24.75035456890878,120.99940073007177,周一晚峰,18,0,674.656,1144.0,8564.231
24.79235757725637,120.95490122015751,24.75035456890878,120.99940073007177,周一下午,14,0,674.656,1180.0,8564.231
24.79235757725637,120.95490122015751,24.75035456890878,120.99940073007177,周六,10,5,674.656,1224.0,8564.231
24.81371133773014,120.9535759736191,24.824123090834796,120.97965123790138,周一早峰,8,0,264.322,454.0,3401.329
24.81371133773014,120.9535759736191,24.824123090834796,120.97965123790138,周一晚峰,18,0,264.322,435.0,3401.329
24.81371133773014,120.9535759736191,24.824123090834796,120.97965123790138,周一下午,14,0,264.322,421.0,3401.329
24.81371133773014,120.9535759736191,24.824123090834796,120.97965123790138,周六,10,5,264.322,426.0,3401.329
24.79276869189807,120.93087027296475,24.757524386007375,121.00947957539701,周一早峰,8,0,1347.567,2001.0,26833.95
24.79276869189807,120.93087027296475,24.757524386007375,121.00947957539701,周一晚峰,18,0,1347.567,1740.0,26833.95
24.79276869189807,120.93087027296475,24.757524386007375,121.00947957539701,周一下午,14,0,1347.567,1723.0,26833.95
24.79276869189807,120.93087027296475,24.757524386007375,121.00947957539701,周六,10,5,1347.567,1835.0,26833.95
24.84039285715599,120.97910312602849,24.833459501988603,120.98242586098408,周一早峰,8,0,125.701,226.0,1672.545
24.84039285715599,120.97910312602849,24.833459501988603,120.98242586098408,周一晚峰,18,0,125.701,211.0,1672.545
24.84039285715599,120.97910312602849,24.833459501988603,120.98242586098408,周一下午,14,0,125.701,197.0,1672.545
24.84039285715599,120.97910312602849,24.833459501988603,120.98242586098408,周六,10,5,125.701,201.0,1672.545
24.76480937855675,120.9414700967354,24.780825834993014,121.01090833398683,周一早峰,8,0,679.062,1397.0,11538.902
24.76480937855675,120.9414700967354,24.780825834993014,121.01090833398683,周一晚峰,18,0,679.062,1018.0,11538.902
24.76480937855675,120.9414700967354,24.780825834993014,121.01090833398683,周一下午,14,0,679.062,875.0,11538.902
24.76480937855675,120.9414700967354,24.780825834993014,121.01090833398683,周六,10,5,679.062,965.0,11538.902
24.829612230488806,121.00746323238008,24.83989246365265,120.94890688845058,周一早峰,8,0,508.978,1029.0,7050.455
24.829612230488806,121.00746323238008,24.83989246365265,120.94890688845058,周一晚峰,18,0,508.978,1019.0,7050.455
24.829612230488806,121.00746323238008,24.83989246365265,120.94890688845058,周一下午,14,0,508.978,944.0,7050.455
24.829612230488806,121.00746323238008,24.83989246365265,120.94890688845058,周六,10,5,508.978,899.0,7050.455
24.774952973922293,120.93925142595046,24.828011624187145,121.00957212313058,周一早峰,8,0,1042.642,2094.0,11799.327
24.774952973922293,120.93925142595046,24.828011624187145,121.00957212313058,周一晚峰,18,0,1042.642,1767.0,11799.327
24.774952973922293,120.93925142595046,24.828011624187145,121.00957212313058,周一下午,14,0,1042.642,1472.0,11799.327
24.774952973922293,120.93925142595046,24.828011624187145,121.00957212313058,周六,10,5,1042.642,1526.0,11799.327
24.79063773898321,120.98585953591356,24.76545533383322,121.01368929141243,周一早峰,8,0,387.794,989.0,4572.91
24.79063773898321,120.98585953591356,24.76545533383322,121.01368929141243,周一晚峰,18,0,387.794,807.0,4572.91
24.79063773898321,120.98585953591356,24.76545533383322,121.01368929141243,周一下午,14,0,387.794,649.0,4572.91
24.79063773898321,120.98585953591356,24.76545533383322,121.01368929141243,周六,10,5,387.794,618.0,4572.91
24.836460569621998,121.01785854296378,24.83107717199404,121.00932745841969,周一早峰,8,0,141.403,335.0,1644.559
24.836460569621998,121.01785854296378,24.83107717199404,121.00932745841969,周一晚峰,18,0,141.403,362.0,1644.559
24.836460569621998,121.01785854296378,24.83107717199404,121.00932745841969,周一下午,14,0,141.403,317.0,1644.559
24.836460569621998,121.01785854296378,24.83107717199404,121.00932745841969,周六,10,5,141.403,353.0,1644.559
24.752478636189817,120.99629080245796,24.783218546794643,121.01377342974435,周一早峰,8,0,478.254,1030.0,5391.699
24.752478636189817,120.99629080245796,24.783218546794643,121.01377342974435,周一晚峰,18,0,478.254,869.0,5391.699
24.752478636189817,120.99629080245796,24.783218546794643,121.01377342974435,周一下午,14,0,478.254,838.0,5391.699
24.752478636189817,120.99629080245796,24.783218546794643,121.01377342974435,周六,10,5,478.254,806.0,5391.699
24.830223513893714,121.00776576255377,24.83107493165744,120.9540125138635,周一早峰,8,0,780.672,1650.0,9122.962
24.830223513893714,121.00776576255377,24.83107493165744,120.9540125138635,周一晚峰,18,0,780.672,1564.0,9122.962
24.830223513893714,121.00776576255377,24.83107493165744,120.9540125138635,周一下午,14,0,780.672,1451.0,9122.962
24.830223513893714,121.00776576255377,24.83107493165744,120.9540125138635,周六,10,5,780.672,1525.0,9122.962
24.828737450913547,120.93972860637628,24.83721667829061,121.00727339262039,周一早峰,8,0,883.194,1596.0,11155.014
24.828737450913547,120.93972860637628,24.83721667829061,121.00727339262039,周一晚峰,18,0,883.194,1468.0,11155.014
24.828737450913547,120.93972860637628,24.83721667829061,121.00727339262039,周一下午,14,0,883.194,1354.0,11155.014
24.828737450913547,120.93972860637628,24.83721667829061,121.00727339262039,周六,10,5,883.194,1373.0,11155.014
24.772243371754566,121.00349279450373,24.796030323467896,120.95746717806048,周一早峰,8,0,487.15,1137.0,8077.801
24.772243371754566,121.00349279450373,24.796030323467896,120.95746717806048,周一晚峰,18,0,487.15,1146.0,8077.801
24.772243371754566,121.00349279450373,24.796030323467896,120.95746717806048,周一下午,14,0,487.15,1053.0,8077.801
24.772243371754566,121.00349279450373,24.796030323467896,120.95746717806048,周六,10,5,487.15,1110.0,8077.801
24.829534549915287,120.95048359386671,24.752366443470144,120.9473816809495,周一早峰,8,0,1160.561,1737.0,11948.412
24.829534549915287,120.95048359386671,24.752366443470144,120.9473816809495,周一晚峰,18,0,1160.561,1672.0,11948.412
24.829534549915287,120.95048359386671,24.752366443470144,120.9473816809495,周一下午,14,0,1160.561,1646.0,11948.412
24.829534549915287,120.95048359386671,24.752366443470144,120.9473816809495,周六,10,5,1160.561,1724.0,11948.412
24.78282619511977,121.00779176478272,24.846688910404836,120.95512124934497,周一早峰,8,0,899.778,1404.0,11464.556
24.78282619511977,121.00779176478272,24.846688910404836,120.95512124934497,周一晚峰,18,0,899.778,1478.0,11464.556
24.78282619511977,121.00779176478272,24.846688910404836,120.95512124934497,周一下午,14,0,899.778,1248.0,11464.556
24.78282619511977,121.00779176478272,24.846688910404836,120.95512124934497,周六,10,5,899.778,1293.0,11464.556
24.814148173860765,120.9659710545924,24.848114968719827,120.97825941592309,周一早峰,8,0,418.623,822.0,5079.499
24.814148173860765,120.9659710545924,24.848114968719827,120.97825941592309,周一晚峰,18,0,418.623,831.0,5079.499
24.814148173860765,120.9659710545924,24.848114968719827,120.97825941592309,周一下午,14,0,418.623,754.0,5079.499
24.814148173860765,120.9659710545924,24.848114968719827,120.97825941592309,周六,10,5,418.623,766.0,5079.499
24.843923714032474,120.94038075766663,24.847040061102224,120.94607110345552,周一早峰,8,0,141.862,298.0,1539.357
24.843923714032474,120.94038075766663,24.847040061102224,120.94607110345552,周一晚峰,18,0,141.862,296.0,1539.357
24.843923714032474,120.94038075766663,24.847040061102224,120.94607110345552,周一下午,14,0,141.862,284.0,1539.357
24.843923714032474,120.94038075766663,24.847040061102224,120.94607110345552,周六,10,5,141.862,284.0,1539.357
24.846253431576155,120.95389197262708,24.760840254721472,120.96911073827081,周一早峰,8,0,1059.959,1849.0,13889.628
24.846253431576155,120.95389197262708,24.760840254721472,120.96911073827081,周一晚峰,18,0,1059.959,1697.0,13889.628
24.846253431576155,120.95389197262708,24.760840254721472,120.96911073827081,周一下午,14,0,1059.959,1701.0,13889.628
24.846253431576155,120.95389197262708,24.760840254721472,120.96911073827081,周六,10,5,1059.959,1773.0,13889.628
24.822854506065273,120.95823095827755,24.810620885330614,120.97602807537025,周一早峰,8,0,185.908,608.0,2845.163
24.822854506065273,120.95823095827755,24.810620885330614,120.97602807537025,周一晚峰,18,0,185.908,579.0,2845.163
24.822854506065273,120.95823095827755,24.810620885330614,120.97602807537025,周一下午,14,0,185.908,543.0,2845.163
24.822854506065273,120.95823095827755,24.810620885330614,120.97602807537025,周六,10,5,185.908,598.0,2845.163
24.788519543334473,120.9818929239147,24.77547225061386,120.99379067554507,周一早峰,8,0,263.443,546.0,3517.989
24.788519543334473,120.9818929239147,24.77547225061386,120.99379067554507,周一晚峰,18,0,263.443,628.0,3517.989
24.788519543334473,120.9818929239147,24.77547225061386,120.99379067554507,周一下午,14,0,263.443,447.0,3517.989
24.788519543334473,120.9818929239147,24.77547225061386,120.99379067554507,周六,10,5,263.443,451.0,3517.989
24.750169127821863,121.01330176489492,24.80384519970928,120.99474869992304,周一早峰,8,0,648.919,1294.0,8473.255
24.750169127821863,121.01330176489492,24.80384519970928,120.99474869992304,周一晚峰,18,0,648.919,1098.0,8473.255
24.750169127821863,121.01330176489492,24.80384519970928,120.99474869992304,周一下午,14,0,648.919,913.0,8473.255
24.750169127821863,121.01330176489492,24.80384519970928,120.99474869992304,周六,10,5,648.919,918.0,8473.255
24.82419500778395,120.99035656539897,24.786422147178126,120.93629764300137,周一早峰,8,0,800.828,1406.0,8514.74
24.82419500778395,120.99035656539897,24.786422147178126,120.93629764300137,周一晚峰,18,0,800.828,1405.0,8514.74
24.82419500778395,120.99035656539897,24.786422147178126,120.93629764300137,周一下午,14,0,800.828,1274.0,8514.74
24.82419500778395,120.99035656539897,24.786422147178126,120.93629764300137,周六,10,5,800.828,1367.0,8514.74
24.816423768491127,120.95971800324384,24.781391564505835,121.00632137515557,周一早峰,8,0,495.369,1371.0,7448.166
24.816423768491127,120.95971800324384,24.781391564505835,121.00632137515557,周一晚峰,18,0,495.369,1105.0,7448.166
24.816423768491127,120.95971800324384,24.781391564505835,121.00632137515557,周一下午,14,0,495.369,902.0,7448.166
24.816423768491127,120.95971800324384,24.781391564505835,121.00632137515557,周六,10,5,495.369,1018.0,7448.166
24.821975426301396,120.95702900413902,24.780928466220868,120.96675536177572,周一早峰,8,0,404.738,1248.0,6089.132
24.821975426301396,120.95702900413902,24.780928466220868,120.96675536177572,周一晚峰,18,0,404.738,1106.0,6089.132
24.821975426301396,120.95702900413902,24.780928466220868,120.96675536177572,周一下午,14,0,404.738,1076.0,6089.132
24.821975426301396,120.95702900413902,24.780928466220868,120.96675536177572,周六,10,5,404.738,1165.0,6089.132
24.79024003870577,120.95660896822734,24.762728779905917,120.96784017003957,周一早峰,8,0,406.165,507.0,4790.29
24.79024003870577,120.95660896822734,24.762728779905917,120.96784017003957,周一晚峰,18,0,406.165,491.0,4790.29
24.79024003870577,120.95660896822734,24.762728779905917,120.96784017003957,周一下午,14,0,406.165,482.0,4790.29
24.79024003870577,120.95660896822734,24.762728779905917,120.96784017003957,周六,10,5,406.165,499.0,4790.29
24.84403636707302,120.99095861507455,24.84028055457326,120.98539634243562,周一早峰,8,0,62.08,110.0,750.214
24.84403636707302,120.99095861507455,24.84028055457326,120.98539634243562,周一晚峰,18,0,62.08,155.0,750.214
24.84403636707302,120.99095861507455,24.84028055457326,120.98539634243562,周一下午,14,0,62.08,114.0,750.214
24.84403636707302,120.99095861507455,24.84028055457326,120.98539634243562,周六,10,5,62.08,111.0,750.214
24.780094987456557,120.97931434918222,24.75004059396973,120.95582223451821,周一早峰,8,0,490.745,789.0,5685.066
24.780094987456557,120.97931434918222,24.75004059396973,120.95582223451821,周一晚峰,18,0,490.745,748.0,5685.066
24.780094987456557,120.97931434918222,24.75004059396973,120.95582223451821,周一下午,14,0,490.745,696.0,5685.066
24.780094987456557,120.97931434918222,24.75004059396973,120.95582223451821,周六,10,5,490.745,711.0,5685.066
24.792988814998985,120.98219863030761,24.815470562370308,120.97184893712223,周一早峰,8,0,399.651,732.0,4028.485
24.792988814998985,120.98219863030761,24.815470562370308,120.97184893712223,周一晚峰,18,0,399.651,741.0,4028.485
24.792988814998985,120.98219863030761,24.815470562370308,120.97184893712223,周一下午,14,0,399.651,642.0,4028.485
24.792988814998985,120.98219863030761,24.815470562370308,120.97184893712223,周六,10,5,399.651,719.0,4028.485
24.79421597993048,120.94923312608903,24.797318618590932,121.01110627432455,周一早峰,8,0,589.987,1408.0,8103.341
24.79421597993048,120.94923312608903,24.797318618590932,121.01110627432455,周一晚峰,18,0,589.987,1231.0,8103.341
24.79421597993048,120.94923312608903,24.797318618590932,121.01110627432455,周一下午,14,0,589.987,1102.0,8103.341
24.79421597993048,120.94923312608903,24.797318618590932,121.01110627432455,周六,10,5,589.987,1220.0,8103.341
24.829602476012678,120.94527222565783,24.75847955367251,120.97639068089237,周一早峰,8,0,1232.009,1979.0,13491.808
24.829602476012678,120.94527222565783,24.75847955367251,120.97639068089237,周一晚峰,18,0,1232.009,1795.0,13491.808
24.829602476012678,120.94527222565783,24.75847955367251,120.97639068089237,周一下午,14,0,1232.009,1862.0,13491.808
24.829602476012678,120.94527222565783,24.75847955367251,120.97639068089237,周六,10,5,1232.009,1912.0,13491.808
